{"cameraMode":{"drawMode":0,"name":"Shaded","section":"Shading Mode"},"sceneLighting":true,"audioPlay":false,"sceneViewState":{"m_AlwaysRefresh":false,"showFog":true,"showSkybox":true,"showFlares":true,"showImageEffects":true,"showParticleSystems":true,"showVisualEffectGraphs":true,"m_FxEnabled":true},"in2DMode":false,"pivot":{"x":0.46002650260925295,"y":6.81639289855957,"z":4.325018882751465},"rotation":{"x":-0.01460338570177555,"y":0.9358240365982056,"z":-0.35000288486480715,"w":-0.03905082866549492},"size":7.4355340003967289,"orthographic":true}